title,viewCount,publishedAt,duration
【APEX LEGENDS】野良ソロダイヤ到達したのでカジュアルでまったり人を〇しまくる【飛良ひかり / あにまーれ】,3465,2021-02-25T12:55:42Z,PT2H37M36S
【雑談】おやすみの間にないなったないなったないなった全部ない、【飛良ひかり / あにまーれ】,4622,2021-02-24T11:18:16Z,PT1H12M20S
【Minecraft】ネザライトフルカス装備作るためにTNTや必要素材を死ぬほど作りまくる【飛良ひかり / あにまーれ】,0,2021-02-24T07:34:34Z,P0D
【ひかのおすすめ】海外映画＆ドラマファンにおすすめ！絶対見てほしいTOP10をご紹介！！【飛良ひかり / あにまーれ】,0,2021-02-24T07:28:59Z,P0D
【料理】ばぶばぶWこの部分は栃木県になるのかな？？【飛良ひかり / あにまーれ】,0,2021-02-24T07:23:02Z,P0D
【Minecraft】1時間以内にダイヤ100個集めないとゼロから始まる地獄ゲームに挑戦＆検証【飛良ひかり / あにまーれ】,10083,2021-02-21T03:11:33Z,PT4H46M40S
【APEX LEGENDS】私ってソロダイヤになれる実力あるの！？【飛良ひかり / あにまーれ】,13803,2021-02-20T13:20:42Z,PT11H54M24S
【料理】誰もが食べたくなる最強に映えるガーリックライスの作り方★【飛良ひかり / あにまーれ】,2717,2021-02-19T13:42:39Z,PT1H30M29S
【料理】栃木パンケーキを卒業したい！！目指せふわふわぱんけーき！【飛良ひかり / あにまーれ】,3737,2021-02-18T11:14:30Z,PT1H5M14S
【雑談】おやすみの間にすごいことが起きたんだって！？！【飛良ひかり / あにまーれ】,6920,2021-02-17T12:36:07Z,PT2H20M5S
【 #みみひら 】料理・実況・絵心！バチバチ対決！！それともてぇてぇ！？14歳組バレンタインエピソードも♪【飛良ひかり / あにまーれ】,8268,2021-02-14T13:26:07Z,PT1H16M45S
【歌ってみた】カワキヲアメク - 美波【Cover - 飛良ひかり / あにまーれ】,6103,2021-02-13T11:00:17Z,PT4M13S
【料理】人生初めてのバレンタインチョコを本気でみんなに作る！！【飛良ひかり / あにまーれ】,5657,2021-02-12T14:09:51Z,PT1H43M56S
あにまーれ最強決定戦で１位に輝いたVakaTuber【飛良ひかり / あにまーれ】,7751,2021-02-11T10:04:37Z,PT1H39M33S
【祝】記念日なのでパーティーしちゃう【飛良ひかり / あにまーれ】,3977,2021-02-10T14:32:06Z,PT2H3M29S
【Minecraft】まったりコツコツ作業配信！建築のお勉強もしようかな？【飛良ひかり / あにまーれ】,4861,2021-02-08T14:20:49Z,PT2H7M
【R-14】ちょっぴりエッな性癖を暴露する【飛良ひかり / あにまーれ】,6315,2021-02-07T16:22:03Z,PT2H3M2S
【龍が如く5】#1 初見プレイで飲酒しながら血を騒がせる【飛良ひかり / あにまーれ】,8755,2021-02-07T00:55:02Z,PT11H47M57S
【料理】ただ置くだけで簡単にできるビーフペッパーライス！！【飛良ひかり / あにまーれ】,3865,2021-02-05T14:55:28Z,PT2H44M9S
【APEX LEGENDS】初コラボだけど瓜二つレベルで気が合うと思っている視点【飛良ひかり / あにまーれ】,4914,2021-02-04T13:29:42Z,PT2H12M53S
【第１版】飛良ひかりの攻略本【飛良ひかり / あにまーれ】,3216,2021-02-03T13:48:15Z,PT1H29M2S
【APEX LEGENDS】投擲武器でドッジボールができると聞いて！尚、丸グレは・・【飛良ひかり / あにまーれ】,5784,2021-02-03T02:15:55Z,PT6H39M48S
【節分の日】方角わからないから独りゲーミングチェアに座って回転しながら食べる人生には卒業【飛良ひかり / あにまーれ】,3203,2021-02-02T11:10:45Z,PT1H1M6S
【学生時代の話】振り返ってみると結構うちら良い大人に育ってる説【飛良ひかり / あにまーれ】,4004,2021-01-31T13:10:01Z,PT1H3M17S
【Minecraft】一晩でダイヤ375個掘れた！！ブランチマイニング最高！【飛良ひかり / あにまーれ】,9265,2021-01-31T00:38:34Z,PT11H51M1S
【料理】パプリカ切るだけですぐにできるガパオライス！！【飛良ひかり / あにまーれ】,3188,2021-01-29T13:11:44Z,PT1H5M17S
【 #ひかるい 】新メンバーはどんな子！？先輩ってこんな感じ！？【飛良ひかり / あにまーれ】,7259,2021-01-28T13:07:39Z,PT1H3M27S
【我画伯なう】かぶぬしの伝説を刻み込む【飛良ひかり / あにまーれ】,3025,2021-01-27T13:20:49Z,PT1H15M14S
最後にウーバーイーツ思う存分頼んで幸せになってもいいか？【飛良ひかり / あにまーれ】,5094,2021-01-25T14:29:51Z,PT2H12M13S
【Minecraft】一晩でダイヤ200個以上掘れた！！初めて覚えたブランチマイニング！【飛良ひかり / あにまーれ】,11561,2021-01-24T23:24:25Z,PT11H47M57S
【考察】どうして「コンタクト派」と「メガネ派」がいるの？【飛良ひかり / あにまーれ】,3033,2021-01-23T13:10:39Z,PT1H5M14S
【料理】ホットプレートで簡単料理！レシピあり！！【飛良ひかり / あにまーれ】,4281,2021-01-22T13:46:15Z,PT1H31M29S
企画提案をします！ひらしゃいんとかぶぬしでひか社長とお仕事！【飛良ひかり / あにまーれ】,3694,2021-01-18T13:24:33Z,PT1H14M14S
【Minecraft】影Mod入れた飛良とコツコツまったり作業【飛良ひかり / あにまーれ】,8392,2021-01-16T22:00:02Z,PT6H58M
【最近の悩み】ねえ！きいて！！【飛良ひかり / あにまーれ】,3014,2021-01-15T14:26:29Z,PT1H13M28S
【APEX LEGENDS】初APEXする仲間を助けて楽しい沼へ引きずり込む！【飛良ひかり / あにまーれ】,3661,2021-01-14T15:30:57Z,PT3H43M43S
【夜のちょっぴり】ガチ恋...浮気...仕事...致すには...なんでもありの人生相談を解決する！【飛良ひかり / あにまーれ】,6870,2021-01-13T18:36:40Z,PT3H23M54S
【歌枠】私の世界観って、こんな感じ。【飛良ひかり / あにまーれ】,4386,2021-01-11T14:23:12Z,PT1H15M12S
【記念】メンバーシップが解禁されます！！【飛良ひかり / あにまーれ】,4840,2021-01-10T11:06:38Z,PT59M34S
【APEX LEGENDS】ゲーム中に質問しまくったらいつか本音出る説ｗｗｗ【飛良ひかり / あにまーれ】,5580,2021-01-09T10:51:16Z,PT5H4M43S
【あにびっと】初収録を振り返りつつ感謝を込めて歌をうたう！【飛良ひかり / あにまーれ】,4298,2021-01-08T12:01:41Z,PT1H52M49S
【あにびっと参戦！】もしも透明人間になったら…高校生の着替え姿を覗き…【後編】【アニメ】【マンガ動画】【飛良ひかり / あにまーれ】,19882,2021-01-08T08:15:11Z,PT5M6S
【Phasmophobia】世界で一番嫌いなホラーゲームに挑戦【飛良ひかり / あにまーれ】,4375,2021-01-07T13:46:17Z,PT1H35M44S
【 #ひかるい 】結果次第で今年はこの２人が熱々！！【飛良ひかり / あにまーれ】,6816,2021-01-06T13:09:13Z,PT1H1M58S
【 #飛良ひかり生誕祭 】最後はぽしゃけで乾杯！歌って！笑顔で！【飛良ひかり / あにまーれ】,6436,2021-01-05T12:07:22Z,PT1H49M42S
【歌ってみた】あの娘シークレット - Eve【Cover - 飛良ひかり / あにまーれ】,9545,2021-01-05T10:00:12Z,PT3M53S
【 #飛良ひかり生誕祭 】誕生日の瞬間は一緒にいてくださいっ！【飛良ひかり / あにまーれ】,6342,2021-01-04T15:47:20Z,PT1H5M9S
【APEX LEGENDS】 #らんぴか かじゅかじゅでーと なん！【飛良ひかり / あにまーれ】,5312,2021-01-03T20:38:39Z,PT7H57M
【新年早々】友達の家庭救った話...2021年運勢占い...ひかって早い曲歌えるの？【飛良ひかり / あにまーれ】,6123,2021-01-01T13:38:51Z,PT1H30M47S
【Minecraft】ひかとコツコツ作業【飛良ひかり / あにまーれ】,14335,2021-01-01T07:41:35Z,PT7H33M17S
【忘年会】柚子小町を手に入れた私は最強オブ最強【飛良ひかり / あにまーれ】,6845,2020-12-30T14:41:23Z,PT4H8M37S
【R-14】ちょっぴりエッな恋愛相談を解決する【飛良ひかり / あにまーれ】,9410,2020-12-29T18:06:41Z,PT2H52M43S
【 #1日あにまーれ 】あにまーれになれるとしたら誰がいい！？【飛良ひかり / あにまーれ】,7085,2020-12-27T13:37:19Z,PT1H29M18S
【収益化記念】感謝を込めて振り返り配信【飛良ひかり / あにまーれ】,6070,2020-12-26T12:05:37Z,PT1H33S
【クリスマス】ぼく、サンタ。【飛良ひかり / あにまーれ】,4393,2020-12-25T13:14:26Z,PT1H4M15S
【APEX LEGENDS】誰かと一緒にゲームをやる楽しさを知ってしまった女【飛良ひかり / あにまーれ】,3614,2020-12-23T13:20:52Z,PT1H12M34S
【考察 / 閲覧注意】どうしてお風呂「入る人」と「入らない人」がいるの？【飛良ひかり / あにまーれ】,8988,2020-12-22T13:25:02Z,PT1H16M47S
【祝】自分に最高のご褒美をあげる会【飛良ひかり / あにまーれ】,8539,2020-12-20T17:21:02Z,PT4H42M56S
【ついに明日！】緊張しすぎて大変だ【飛良ひかり / あにまーれ】,4572,2020-12-18T09:10:01Z,PT1H59M16S
【Among Us】ゲロ萎え宇宙人狼【飛良ひかり / あにまーれ】,6044,2020-12-16T14:48:00Z,PT2H27M11S
【Minecraft】ひか だってやればできるけど！！【飛良ひかり / あにまーれ】,11572,2020-12-14T15:46:37Z,PT3H54M45S
【歌ってみた】花に亡霊 - ヨルシカ【Cover - 飛良ひかり / あにまーれ】,10771,2020-12-12T13:00:08Z,PT4M5S
金曜日だからなんでも言うこと聞く会【飛良ひかり / あにまーれ】,7181,2020-12-11T12:13:04Z,PT2H1M19S
【Minecraft】不仲説！？そうそう、不仲ですよ☺【飛良ひかり / あにまーれ】,10135,2020-12-09T15:24:52Z,PT4H43M38S
【考察 / 人生初】結婚式の知識を学ぼうの会【飛良ひかり / あにまーれ】,4787,2020-12-08T13:08:47Z,PT1H36S
【APEX LEGENDS】久しぶりなので戦場が怖い！？【飛良ひかり / あにまーれ】,5693,2020-12-06T11:58:01Z,PT8H3M10S
【 #あにまーれ推し紹介 】みんなであにまーれをHAPPYにする！【飛良ひかり / あにまーれ】,8141,2020-12-05T16:31:17Z,PT4H6M43S
金曜日だから酒飲みながら歌ってキレ散らかす【飛良ひかり / あにまーれ】,7405,2020-12-04T12:48:42Z,PT2H36M49S
【Minecraft】こんな自分に嫌気がさしたんだ。【飛良ひかり / あにまーれ】,4629,2020-12-03T13:05:46Z,PT56M56S
【開店初日】飛良ひかりの隠れ家っ！【飛良ひかり / あにまーれ】,5282,2020-11-29T13:17:53Z,PT1H9M2S
【朗読】眠りたい人へ【飛良ひかり / あにまーれ】,2737,2020-11-26T13:16:49Z,PT1H6M13S
【考察】どうして人見知り「する人」と「しない人」がいるの？【飛良ひかり / あにまーれ】,5581,2020-11-25T13:13:29Z,PT1H8M38S
【切り抜き】５分でわかる飛良ひかり【飛良ひかり / あにまーれ】,4296,2020-11-23T10:00:13Z,PT5M16S
【新作桃鉄】 #じゃない組 で旅にでます！！【飛良ひかり / あにまーれ】,7487,2020-11-22T09:44:07Z,PT1H31M54S
【歌枠】みんなのリクエストに答えていくよーん！【飛良ひかり / あにまーれ】,4308,2020-11-21T15:03:58Z,PT1H49M50S
【速報】リア充の仲間入りになった【飛良ひかり / あにまーれ】,3364,2020-11-20T13:09:44Z,PT1H1M36S
【歌ってみた】Booo! - TOKOTOKO(西沢さんP)【Cover - 飛良ひかり / あにまーれ】,10912,2020-11-14T12:30:12Z,PT2M54S
【APEX LEGENDS】#じゃない組 ゲリラ配信！！【飛良ひかり / あにまーれ】,5997,2020-11-14T06:42:17Z,PT2H56M15S
【テトリス99】飛良ひかりはテトリスもうまいらしい！！【飛良ひかり / あにまーれ】,8063,2020-11-14T03:27:08Z,PT4H59M9S
【超激辛】１８禁カレーを普通のリアクション縛りで食べてみた結果がこちらです...笑【飛良ひかり / あにまーれ】,11967,2020-11-13T12:50:00Z,PT1H38M16S
【企画】画像を見ただけでどこのお弁当か当てれる能力がある【飛良ひかり / あにまーれ】,5781,2020-11-12T12:49:12Z,PT1H33M10S
【ついに！？】気になるあの子が帰ってきた・・！【飛良ひかり / あにまーれ】,4572,2020-11-10T10:09:06Z,PT1H32S
【Fall Guys】視聴者様★参加型すっるよ～～ん！！【飛良ひかり / あにまーれ】,11620,2020-11-07T12:39:16Z,PT11H53M51S
【１万人記念】みなさんに感謝を込めて料理と歌とホラゲやる！【飛良ひかり / あにまーれ】,9862,2020-11-06T17:26:10Z,PT3H57M41S
【算数テスト】算数ってなんですか？？？【飛良ひかり / あにまーれ】,4834,2020-11-05T13:32:28Z,PT1H18M54S
【企画】774inc全員の顔を１人１０秒以内に描いても伝わるよね？【飛良ひかり / あにまーれ】,2094,2020-11-04T13:27:51Z,PT1H10M19S
【APEX LEGENDS】絶対プラチナ帯に行きます！～あじのたたきを握りしめて～【飛良ひかり / あにまーれ】,5750,2020-11-03T14:34:54Z,PT4H5M43S
【APEX LEGENDS】絶対プラチナ帯に行きます！【飛良ひかり / あにまーれ】,6224,2020-11-03T08:17:53Z,PT4H49M44S
【あの人が！？】慣れてきました・・・【飛良ひかり / あにまーれ】,5397,2020-11-02T12:45:51Z,PT1H36M13S
【閲覧注意】激辛カレー食べたらとんでもないことになった…【飛良ひかり / あにまーれ】,6971,2020-11-01T14:13:09Z,PT1H1M21S
【APEX LEGENDS】ソロでプラチナ＆２０００ダメ取りに行く！【飛良ひかり / あにまーれ】,12062,2020-10-31T16:23:59Z,PT11H22M38S
【晩酌雑談】もうこんな日は一生こないんだろうよォ・・【飛良ひかり / あにまーれ】,6835,2020-10-30T14:17:14Z,PT2H2M51S
【切り抜き】罰ゲームで語尾に「ぴぃ」をつけたら訛ったぴぃ…【飛良ひかり / あにまーれ】,1951,2020-10-30T03:00:06Z,PT10M3S
【切り抜き】774inc.さん全員血液型存在してないらしい！？【飛良ひかり / あにまーれ】,2803,2020-10-30T03:00:05Z,PT11M2S
【ズボラ料理】起きたら魔法のカードが止まってた【飛良ひかり / あにまーれ】,4542,2020-10-29T14:06:57Z,PT57M46S
【！圧！】私の食べてる物わかるよね？（圧）【飛良ひかり / あにまーれ】,4156,2020-10-27T12:08:34Z,PT1H1M54S
【Fall Guys】ガチ初心者が１位目指した結果…【飛良ひかり / あにまーれ】,6246,2020-10-26T18:13:49Z,PT4H38M11S
【企画】774inc.ご本人登場で…間違えて先輩をOBAKA型発言…【飛良ひかり / あにまーれ】,2607,2020-10-25T11:17:26Z,PT1H8M52S
【漢字テスト】漢字ってなんですか？？？【飛良ひかり / あにまーれ】,5456,2020-10-24T14:04:38Z,PT1H8S
【APEX LEGENDS】初ソロランクマで暴れてやんよ！！【飛良ひかり / あにまーれ】,13944,2020-10-24T02:27:36Z,PT11H52M40S
【企画】デスク周り募集したらヤバすぎて興奮したｗｗｗ【飛良ひかり / あにまーれ】,18857,2020-10-22T16:42:16Z,PT5H13M26S
【Five Nights at Freddy's】ピザと警備は大好きなので怖くないはず！【飛良ひかり / あにまーれ】,5596,2020-10-21T13:32:09Z,PT1H20M48S
【歌枠】全部みんなに向けて歌うよ！！！【飛良ひかり / あにまーれ】,6907,2020-10-20T11:16:06Z,PT1H5M56S
【罰ゲーム】語尾に「ぴぃ」をつけたら訛ったぴぃ…【飛良ひかり / あにまーれ】,2685,2020-10-19T14:12:25Z,PT56M13S
【コラボ】罰ゲームをかけた真剣早食い勝負！ #ひかるい 【瀬島るい / 飛良ひかり / あにまーれ】,10462,2020-10-19T13:02:29Z,PT56M13S
【魔王紹介】実は魔王を飼っているのだ！！【飛良ひかり / あにまーれ】,5606,2020-10-18T14:14:31Z,PT1H6M40S
【企画】お外で起こっている怖いことを入手した！！！【飛良ひかり / あにまーれ】,5038,2020-10-17T13:07:29Z,PT1H1M40S
【APEX LEGENDS】平和な世界なんてないんだよ！争え！みんな！！【飛良ひかり / あにまーれ】,10175,2020-10-16T15:47:24Z,PT3H11M57S
【解決マンとは】初配信の解決マン再来！【飛良ひかり / あにまーれ】,7299,2020-10-15T11:13:57Z,PT1H31S
【Minecraft】はじめての774 inc.鯖！助けてください！【飛良ひかり / あにまーれ】,8853,2020-10-14T13:20:12Z,PT1H8M25S
【質問】わたしのことをもっとしってくださいっ！【飛良ひかり / あにまーれ】,7463,2020-10-13T11:04:45Z,PT59M19S
【初配信の裏話】ないしょだよ！！！【飛良ひかり / あにまーれ】,7983,2020-10-12T13:08:28Z,PT59M11S
【きめる】たくさん！！！！！！！！！！！【飛良ひかり / あにまーれ】,9765,2020-10-11T12:22:17Z,PT1H15M22S
【初配信】飛良ひかりの正体って・・！？ #飛良ひかり初配信 【飛良ひかり / あにまーれ】,32150,2020-10-10T10:38:54Z,PT34M53S
